"","Mixture","Classical.monocytes","NK.cells","B.cells","pDC","Mast.cells","T.cytotoxic","Non.classical.monocytes","cDC2","cDC1","DC_Mature","Tregs","T.helper","B.Plasma","Macrophage","Macrophage_Alveolar","P.value","Correlation","RMSE","Absolute.score..sig.score."
"62","DSP-1001660014616-A-F04.dcc",0.0291740933483937,0.0538729896949353,0.0451298638442203,0.120339335509997,0.0918248751021589,0.0517235327877857,0.115342057263878,0.0921389195213315,0.00533017860669912,0.127316037974985,0.106916386019783,0.123204078038005,0.0564607240096839,0.182100387018218,0.173696191339906,0,0.458997878962107,0.908058583737415,1.37456965007998
"63","DSP-1001660014616-A-F05.dcc",0.0318839232880224,0.0564448346256374,0.128445000319207,0.0938104438434777,0.131224323818807,0.0656097957417425,0.0582347690342861,0.153315891777609,0,0.135579263590779,0.075493855991362,0.117597350557833,0.0184887902444921,0.100841333400714,0.1060280610426,0,0.423501115501326,0.930847219787711,1.27299763727657
"64","DSP-1001660014616-A-F06.dcc",0.069597969816169,0.0973827548648297,0.0685546673072544,0.0859536507915334,0.12274274321407,0.114637264597793,0.0748886024628394,0.084346662461926,0,0.14704375802028,0.0984416400150645,0.0673142908310143,0.0233367609739586,0.135520360749594,0.13540725992451,0,0.452000717719106,0.919605689470451,1.32516838603084
"106","DSP-1001660014618-B-C03.dcc",0,0.0605340507949209,0.00712155933988178,0.125171875161906,0.0863868553705063,0.0933128195411889,0.0880818646397465,0.103439442160911,0.0217587452718068,0.129281118742158,0.125155313808698,0.132674690156087,0.162069068853614,0.178144486551537,0.0986541353199581,0,0.362718373964503,0.932062802366361,1.41178602571292
"107","DSP-1001660014618-B-C04.dcc",0,0.0806657434501247,0.0154015840487364,0.137099054480792,0.115771061074446,0.0429124126852548,0.0710729422188438,0.0818758260528703,0,0.143253715365712,0.0959348839448414,0.177659593201452,0.127821799400279,0.205310199635232,0.0995868946123384,0,0.318540215652134,0.948021909935808,1.39436571017092
"108","DSP-1001660014618-B-C05.dcc",0.00111677808419472,0.042316976656918,0.0644181361984349,0.151119623189158,0.11787378797238,0.0782524916354899,0.0698063364990492,0.0443882672161939,0.033382869836074,0.191534328899207,0.102946498952588,0.181474644016623,0.0958776547453952,0.146072518698659,0.0691711718156059,0,0.374039322990024,0.931359354429745,1.38975208441597
"122","DSP-1001660014618-B-D08.dcc",0.0764785670453877,0.227764040786439,0,0,0,0.226505177040442,0,0.710644127234971,0,0,0,0,0,0,0.0880391303345675,0.37,0.0299611104531484,1.03424807406263,1.32943104244181
"123","DSP-1001660014618-B-D09.dcc",0,0,0.101095439229855,0.0188773979139517,0,0.223837074406924,0.166258598629512,0.491616295234254,0,0.0504042127114174,0,0.346290164542395,0,0,0,0.69,0.00570157164211856,1.02671503034307,1.39837918266831
"124","DSP-1001660014618-B-D10.dcc",0,0.198595780569932,0.101770052542904,0,0,0.171635296954044,0.140824793932575,0.48730266955321,0,0.200882817158355,0,0,0.0298165788958934,0,0,0.26,0.0393067186497437,1.02350304144389,1.33082798960691
"149","DSP-1001660014618-B-G01.dcc",0.0371510223725948,0,0.0459288650296177,0.074687024623347,0.0624575595873367,0.154260617966813,0.0911016071663491,0.197150889039682,0.108582514743373,0.0748145313184934,0,0.230551703900038,0.165244332074523,0.0789156802435929,0.0569330021741455,0,0.183405210005369,1.00468932149681,1.37777935023991
"150","DSP-1001660014618-B-G02.dcc",0.121820186037712,0.0662042150244865,0,0.0966529565995811,0.0769743772809959,0.188196826249552,0,0.093724884313654,0.116876555856388,0.184617666887519,0.170792040176872,0.00703406871248167,0.00250231374401599,0.178414756616225,0.0417593712160465,0,0.339339511593396,0.945171564493165,1.34557021871553
"151","DSP-1001660014618-B-G03.dcc",0.117151700360235,0.105655153758171,0.148487806724922,0.0241940562462263,0.0762642511688163,0.241781379342675,0.0213573094089924,0.0205142681829736,0,0.157706946322061,0.0429277541508448,0.108981947586105,0.0420715231543364,0.213578565463335,0,0,0.255311013893678,0.966669956359725,1.32067266186969
"152","DSP-1001660014618-B-G04.dcc",0.0749074100560959,0.0225943088027502,0.112069073345378,0.0785662867150774,0.0671327611738898,0.238315082762258,0.0474902193434449,0,0,0.173997030752386,0.0895916809192293,0.0850945838215041,0.0460153844310078,0.1974703571457,0.0301822562042478,0,0.411753308217535,0.926281242890792,1.26342643547297
"235","DSP-1001660014619-C-F06.dcc",0.0869367877443373,0.0954885594418899,0.0592828134028258,0.10179308305222,0.0965683131594779,0.0266493910591405,0.00986397986585526,0.130915115122251,0.02486347694788,0.137813968650068,0.0757132777143432,0.126889984985307,0,0.292221370138497,0.154032802870046,0,0.439526625495972,0.911217025463465,1.41903292415414
"236","DSP-1001660014619-C-F07.dcc",0.0595556177783366,0.0703397611793797,0.0568596126427652,0.113115882638857,0.100946075640727,0.0180286574001518,0.0731257245988467,0.0723801782104588,0.0272006542643007,0.169895295747369,0.115290327797328,0.0950303544546109,0.00164188031088911,0.199992048095931,0.220152332953977,0,0.423062769536506,0.917810242994381,1.39355440371393
"237","DSP-1001660014619-C-F08.dcc",0.0391591253834592,0.0855258127310428,0.0581044751984387,0.0858990010244104,0.131927877564478,0.0470371824756911,0.0539159479446184,0.0384635704497283,0.0107568816919348,0.171425175470651,0.0493094049049889,0.172751805656722,0.0593670381572866,0.215979715459245,0.164372473616595,0,0.40420950712296,0.922979863612639,1.38399548772929
"238","DSP-1001660014619-C-F09.dcc",0.0602509181680532,0.0512145508444201,0.0568365088088589,0.107984392526908,0.0933868951037446,0.00381158603224169,0.0674191995099038,0.101171010382021,0.0349858994384033,0.139401028592806,0.0943666496065323,0.154398455125895,0.000622256523199301,0.228339435496463,0.204916204434654,0,0.417074828971813,0.918920072420392,1.3991049905941
"239","DSP-1001660014619-C-F10.dcc",0,0.0948323525022677,0.0321387920448177,0.172882072441055,0.164957795844903,0,0.100962921347635,0.0842902961950138,0.0209592041517,0.184871026061438,0.102880636414556,0.104450457540664,0.000767847979364891,0.167012527934306,0.151363290008269,0,0.358454252746036,0.939993997014257,1.38236922046599
"240","DSP-1001660014619-C-F11.dcc",0.0568273220324659,0.0409503379816042,0.0571317897085142,0.104477879303867,0.112699023819283,0.028269632345544,0.050514942188034,0.0930849157403692,0.050192931461493,0.112466934299456,0.103009311186627,0.107630382664891,0.00161076636890326,0.296921085167623,0.200694666456501,0,0.43309419863293,0.910478719193753,1.41648192072518
"247","DSP-1001660014619-C-G06.dcc",0.0447546372037631,0.0737336341284717,0,0.0902119465402059,0.114152442084484,0.0502413080561521,0.0622793169679557,0.205856790213496,0,0.144588536511351,0.0477578641515922,0.12405414120537,0.177022020542381,0.153136380449107,0.114186404900736,0,0.318464485620098,0.953219213197583,1.40197542295507
"248","DSP-1001660014619-C-G07.dcc",0.108042325835119,0.117282659847921,0.0700343863759169,0.140569995085421,0.044947991360981,0.0565302971572028,0.0740758675203369,0.113027871251621,0.0356025242186685,0.19569429531578,0.0851842813077688,0.112446718523313,0.08243784622058,0.15717633952396,0.00424388252303538,0,0.314073052494651,0.950027216147306,1.39729728206763
"249","DSP-1001660014619-C-G08.dcc",0.0226600084288274,0.120084380127002,0,0.0899674733938725,0.113172482977752,0.0539770486632916,0.097349120843454,0.166587875630299,0,0.17428395682169,0.0680913359170656,0.0716045478057792,0.229030615313123,0.104759734229823,0.0647848345418667,0,0.269398001748886,0.992962315672557,1.37635341469385
"250","DSP-1001660014619-C-G09.dcc",0,0,0,0.136172785364534,0.176628949168124,0.195257650178932,0.0926616646952734,0.273521902018366,0,0.226642076415697,0,0.0640906963098602,0.0469269642091632,0.120252834625026,0.0315785056153359,0,0.205615777667124,0.979992116663805,1.36373402860031
"259","DSP-1001660011972-E-A10.dcc",0.0293163752546391,0.0501781203589217,0.162288757093375,0.101804869853507,0.114863403826649,0.0812589029351749,0,0.134314552393628,0,0.168109683741602,0.0737547886890701,0.0945810258659247,0.00907621809734294,0.160386858677694,0.116097630171154,0,0.432972956245845,0.924614706022533,1.29603118695868
"260","DSP-1001660011972-E-A11.dcc",0.0397903246825541,0.0456979428858623,0.103196412022295,0.0783896489264879,0.112096448221361,0.081979559675885,0.031516100398001,0.150139343024421,0,0.161552191809715,0.0768134788845646,0.109080223021165,0.0369981065396566,0.123131634704412,0.153613377559835,0,0.419858773388739,0.925126889646882,1.30399479235622
"261","DSP-1001660011972-E-A12.dcc",0,0.0459104719221495,0.0917507805308334,0.0666189880038172,0.112650874861529,0.0506732529467304,0.0477362389475221,0.144505294926579,0,0.16931364425053,0.086708193479348,0.139351421837302,0.077063647349487,0.215973654662128,0.0768158665146872,0,0.416749547548977,0.91844825226911,1.32507233023264
"262","DSP-1001660011972-E-B01.dcc",0.0289743759093398,0.070177321773341,0.143783211290391,0.052111409911361,0.111516385215935,0.00777682474684166,0.0368530625189565,0.101269232897087,0,0.200026940295551,0.102035738058016,0.185434039834214,0.00756872498451652,0.179507010282136,0.0564259048538748,0,0.420165363955089,0.928327160219438,1.28346018257156
"263","DSP-1001660011972-E-B02.dcc",0,0.066757409912225,0.0618915496959785,0.116571817487294,0.0858247553205817,0.0337234133668528,0.049164727469163,0.143915160063656,0,0.13025367172112,0.0576730437767986,0.163666489314925,0.0621599062151796,0.224670375006282,0.131542899694516,0,0.407095368986633,0.921989149412289,1.32781521904457
"264","DSP-1001660011972-E-B03.dcc",0.0266869871268473,0.0252571594717469,0.127963563493462,0.101847241045773,0.0980880514360084,0.0968246740512232,0.0425337837509995,0.09859034200696,0,0.166622461557748,0.113787284454002,0.105655635680771,0.0534499216355997,0.167713874227403,0.0798127549025072,0,0.431769610967862,0.921401613040042,1.30483373484105
"265","DSP-1001660011972-E-B04.dcc",0.0235129496032363,0.0265382978508303,0.118408106697302,0.0960286574759443,0.116945973471268,0.0425568554858359,0.0481225202826654,0.150298784554815,0,0.208233450622114,0.0538890812607563,0.166100206738768,0.0573501929266775,0.15722655045382,0.0424635507845005,0,0.425695960986037,0.921594509933643,1.30767517820853
"282","DSP-1001660011972-E-C09.dcc",0.0336922669957849,0.0457807431904364,0.113718968272044,0.0779644070504929,0.131516114389404,0.0659331813288235,0.0265907540030075,0.00153490179567257,0,0.216127687443092,0.10038489838584,0.0695801875470884,0.163142434201853,0.174387622807586,0.0705178087350107,0,0.367849140993329,0.93142825994905,1.29087197614614
"283","DSP-1001660011972-E-C10.dcc",0.0439998137001386,0.105964065643249,0.0914274940316945,0.110853250768675,0.109259898187274,0,0.0275452909163204,0.0769201002051752,0,0.196899742349609,0.110089159833871,0.206900918353663,0.013472365245032,0.0968019080655207,0.0318551297721377,0,0.424297785682074,0.930509739981295,1.22198913707236
"284","DSP-1001660011972-E-C11.dcc",0,0.0641720173189554,0.105081082738029,0.0698177924330997,0.109947359859825,0.0793516181021234,0.0701280987257212,0.129412621432523,0,0.180731209437854,0.0508174148514737,0.177065033580626,0.0639953228434505,0.0952702239768561,0.0402939565111798,0,0.381599315374627,0.934243573212182,1.23608375181172
"285","DSP-1001660011972-E-C12.dcc",0.0277877738486466,0.083419240951671,0.0853077069266008,0.0725089360832792,0.118888776426349,0,0.0401387640197619,0.0976734670886037,0,0.19338471019635,0.133606335385194,0.172682924693493,0.0252078762429022,0.166410283461239,0.0552043819853171,0,0.439219460692981,0.92292575527791,1.27222117730941
"286","DSP-1001660011972-E-D01.dcc",0.0211935627661523,0.0647124542894383,0.112806391143897,0.0938594124595008,0.113343134353678,0.0345470664005598,0.0498015927638712,0.110514933770091,0,0.183783749352664,0.0889864342907631,0.161244721879728,0.0415426325806457,0.140648544022366,0.054639947624732,0,0.4345990277795,0.924146195499091,1.27162457769809
"287","DSP-1001660011972-E-D02.dcc",0.0252960711979714,0.0762594327798647,0.103334545397916,0.0990482258815623,0.07501466505488,0.109245372377811,0.015806823058752,0.101714538022829,0,0.172489145235365,0.092407570095228,0.108046962680773,0.136365020358557,0.0995610491015967,0.061506787888915,0,0.40209286039059,0.91623888555384,1.27609620913202
"288","DSP-1001660011972-E-D03.dcc",0.01009309597337,0.068577500613244,0.145299614633,0.0781066329814619,0.100794428901519,0.0618087987468581,0.0448408284342308,0.0515491597065334,0,0.186903322323544,0.0727625718323996,0.149181239551023,0.0821890034163974,0.155190711011224,0.0423217141252813,0,0.416583253557156,0.919210074446318,1.24961862225009
"301","DSP-1001660011972-E-E04.dcc",0.190807559714155,0.0554154672632811,0.0359522044241489,0.0905977448588841,0.14639695785574,0.0213292019471653,0,0.0649832224937155,0.0401614005668296,0.140885754754471,0.0679848093954593,0.188577229782786,0.0174295714778078,0.188463709836697,0.22998192956572,0,0.407215398677217,0.921401968784337,1.47896676393686
"302","DSP-1001660011972-E-E05.dcc",0.0847182871905415,0.0462498139304173,0.00955992004742654,0.0926778636086525,0.153195748344732,0.0679013509478296,0.0381919053321541,0.0863282422492027,0.0506952097349462,0.155208028788663,0.11631574381455,0.136481733527787,0.0113295562622079,0.23774673974587,0.194838591649362,0,0.42628389973622,0.916851127537767,1.48143873517434
"303","DSP-1001660011972-E-E06.dcc",0.106904266860852,0.0118545360272903,0,0.121066527667819,0.124823034587601,0.0929577254826324,0.031506910361124,0.0406237188143031,0.0416215381373504,0.156795253168091,0.132138003152435,0.0563673713860324,0.0598005754778185,0.28338717862785,0.233304613608145,0,0.405690143832538,0.917533632450234,1.49315125335934
"304","DSP-1001660011972-E-E07.dcc",0.170601634440489,0.0901917580944362,0.0265214038686578,0.117727548438115,0.120211828825217,0.0183657586039918,0.000533447604351969,0.0538751844881922,0.0635659370490131,0.183356230795742,0.0718337194098276,0.150434586203674,0,0.23934443776451,0.155627768317053,0,0.415532506379266,0.919752015226549,1.46219124390327
"305","DSP-1001660011972-E-E08.dcc",0.0466752709084928,0.0404956510701544,0,0.0894831302607718,0.12320659213168,0.145247864346735,0.0507485997537684,0.0510355863587156,0.0702920788092866,0.1494309885292,0.0558236553844926,0.166009116782153,0.0592973830556912,0.26666924580036,0.137925460093621,0,0.440204497826782,0.91103073741294,1.45234062328512
"306","DSP-1001660011972-E-E09.dcc",0.110981218828862,0.0640612243045098,0,0.0892279252129257,0.128301727258668,0.0644689945563633,0.0357877651414092,0.082035742388702,0.0569515903527721,0.155684696292769,0.0594771137166342,0.137826584093076,0.0736482783229369,0.210946658677872,0.199294668997289,0,0.374020709881823,0.929827037958194,1.46869418814479
"307","DSP-1001660011972-E-E10.dcc",0.096766602459891,0.0782881959940643,0.0260865127868629,0.145490326368016,0.153253857402392,0.0385937279171755,0.0206883143359677,0.0754690803128071,0.0147220929655939,0.157397902827467,0.104683617077568,0.135268155949093,0.00165879612088345,0.231524037359676,0.156461399354634,0,0.40628423389935,0.925065543428545,1.43635261923209
"308","DSP-1001660011972-E-E11.dcc",0.165077919466923,0.0680916572384652,0.0530184861698196,0.0872924207311937,0.124641630802528,0.0465674979460148,0.00168415867726808,0.11367256736593,0.0472248153143331,0.158221946368811,0.031591985042396,0.166592689574561,0.0142686274005209,0.234414625491423,0.143989258852175,0,0.40756755061672,0.922769157567912,1.45635028644236
"309","DSP-1001660011972-E-E12.dcc",0.0102199477960326,0.0209791381780243,0.0466816220237133,0.127872746211817,0.160553072609685,0.0553772264239532,0.0694142006210848,0.0699226442839029,0.0525977217524045,0.155792349422338,0.0857850514649069,0.110138420909485,0.0127215803051609,0.266727543326578,0.22488108352486,0,0.30080802602577,0.953625918432029,1.46966434885395
"326","DSP-1001660011972-E-G05.dcc",0.0388464558399162,0.0732695778972708,0.0909021679911364,0.134980909127639,0.0871655293686974,0.0567065614372853,0.0404238023699459,0.120262891759741,0,0.247265295002479,0.112092975504751,0.0841520768065386,0.0433592961560458,0.0618490007845891,0.0216047356702833,0,0.370078524082696,0.938166003022755,1.21288127571632
"327","DSP-1001660011972-E-G06.dcc",0,0.0341781183816137,0.216181514693192,0.0874822263661611,0.0754960723604767,0.110943468620165,0.0832865739936969,0.0880195291031221,0,0.165835899482188,0.086145105574766,0.142258645604729,0.0316823122723129,0.0811706030886488,0.0431912483682848,0,0.380353301860249,0.941059735546552,1.24587131790936
"328","DSP-1001660011972-E-G07.dcc",0,0.032420182842327,0.198611794573847,0.0833800357112532,0.106150511032013,0.0373608090947227,0.0620568118935166,0.0721801414882578,0,0.21815373014795,0.130781224581974,0.169901618917974,0.0159793469769073,0.0740091747635866,0.0190069272863401,0,0.425269697431261,0.929412229920647,1.21999230931067
"329","DSP-1001660011972-E-G08.dcc",0.0184315848887547,0.0785469742781569,0.145658826831553,0.0789705708302429,0.086412956098243,0.066402551653973,0.0641643107497287,0.0310812178523774,0,0.265374637435011,0.0574365030209724,0.142222028346972,0.0415936007839602,0.0955332321808816,0.0537689489879564,0,0.385949927112754,0.934229375852822,1.22559794393878
"330","DSP-1001660011972-E-G09.dcc",0.0248821773480099,0.0702432005746693,0.146401388746468,0.0697156236308351,0.101793246672889,0.109989538437095,0,0.129775703753607,0,0.160320514408573,0.0942645586275906,0.1849788247188,0.0165516391254297,0.115538558214689,0.0357574902569615,0,0.388823021399676,0.93995603196206,1.26021246451562
"331","DSP-1001660011972-E-G10.dcc",0,0.0306455130503755,0.152352819986927,0.0866157127790369,0.0943337901145052,0.077946472226684,0.0492197971460811,0.115288549837301,0,0.191380440417748,0.109003320715056,0.212190074489696,0.0231847972832037,0.0215413956287515,0.068930569137889,0,0.381720895354095,0.940897121074783,1.23263325281325
"332","DSP-1001660011972-E-G11.dcc",0.0440024344465009,0.0485067105608525,0.156202818505972,0.0776963152375204,0.0716819091821106,0,0.0211358036229293,0.0646690624452493,0,0.262637331636715,0.103777637667623,0.221236707578218,0.0235171641918498,0.0805506091318199,0.0254547935596664,0,0.413608112039584,0.928993154010267,1.20106929776703
"348","DSP-1001660011973-F-A09.dcc",0,0.0516908673079116,0.191001828789865,0.0684231257852161,0.0531431443935254,0.0256541730020066,0.0513432378063487,0.17804264329661,0,0.106377009231449,0.0704238406993957,0.192943627903098,0.0343390467858789,0.1019270986577,0,0,0.279961597887296,0.96258069966818,1.125309643659
"349","DSP-1001660011973-F-A10.dcc",0,0.0841739998594501,0.213763622448826,0.0418591451444767,0.0624802233560929,0,0.0842694838046559,0.116655890786076,0,0.140256869919592,0.0761909951953972,0.198040888886346,0.0195261744173088,0.0820691656728973,0.0155959637902989,0,0.294774535924417,0.959980827287402,1.13488242328142
"350","DSP-1001660011973-F-A11.dcc",0,0.108812675897326,0.2812707664956,0.0683691425725208,0.0285267822057924,0.0418629728254432,0.10290039237203,0.13886717894897,0,0.0869410545340665,0.0634407538794602,0.114323894280565,0.0351322904688615,0.0719991102702626,0,0,0.279910015424803,0.962096469848667,1.1424470147509
"351","DSP-1001660011973-F-A12.dcc",0,0.0946221448047838,0.176863056091283,0.0875412042888997,0.0353589683552939,0.0489528252441412,0.0982098237640789,0.150122838686997,0,0.11718284732616,0.0317418804836226,0.17565677013527,0.0371491903023805,0.0754031105588816,0,0,0.248243640290533,0.969415322901048,1.12880466004179
"352","DSP-1001660011973-F-B01.dcc",0,0.0246226939393012,0.175017797364735,0.0910602663685351,0.0593503411318714,0.0383003380177962,0.0958697752932747,0.0999494060761958,0,0.138401454787569,0.0973914982177423,0.164772479643072,0.0320343875967705,0.120860091330077,0,0,0.283192967275329,0.961506985011276,1.13763052976694
"353","DSP-1001660011973-F-B02.dcc",0,0.0606787338203246,0.173367148065424,0.0845115493258038,0.0576953843976153,0.045201016792777,0.0677138247819715,0.163607222800679,0,0.100294812352745,0.0801951272353129,0.174091168296316,0.031740327712654,0.0725621924448055,0.0155066695481982,0,0.28044898976235,0.963086820074545,1.12716517757463
"354","DSP-1001660011973-F-B03.dcc",0,0.0796572889528398,0.191070854146591,0.0674065795395355,0.0485545428144398,0.016430087072668,0.0599396560112004,0.188586202348528,0,0.100037974915456,0.0766998146864015,0.151794916390575,0.0375027487344816,0.0922794733664958,0.019940247076158,0,0.277326791455992,0.962943739719979,1.12990038605537
"355","DSP-1001660011973-F-B04.dcc",0,0.072572004967674,0.198072369378927,0.0826940830419186,0.0544007390578108,0.0246451000527913,0.0997970873392594,0.124892332042835,0,0.145242796853619,0.0315722459550884,0.17734652367757,0.023911833198709,0.099132093868209,0,0,0.275418608792211,0.96384216903834,1.13427920943441
"394","DSP-1001660011973-F-E07.dcc",0.0528231675463739,0.0508231027261497,0,0.101648998534581,0.127288705267091,0.0280496774802685,0.00908448448227865,0.0619762288749769,0.0716362003834526,0.133708084162653,0.116954983751772,0.110001504551322,0,0.332468729255092,0.290977061885356,0,0.467522289662258,0.892270533586921,1.48744092890137
"395","DSP-1001660011973-F-E08.dcc",0.107374876617406,0.0572628724634799,0,0.120417502783766,0.150553895790035,0.0172937220346131,0.016049966598284,0.0810117970356641,0.0642308122153486,0.167359530184103,0.102130863125678,0.126020351482123,0.00685064199862395,0.265286744734531,0.173722138726786,0,0.425031041951451,0.914970853840661,1.45556571579044
"396","DSP-1001660011973-F-E09.dcc",0.0975225685742645,0.045790140061319,0.0293034086709681,0.0932305746984815,0.15771073287948,0.0692875800814585,0,0.151243355013745,0.0539367305110239,0.177548283383548,0.0658934271779269,0.118627100018361,0.0483276857721843,0.275102630108883,0.0619013811137064,0,0.475048080076523,0.901063664695687,1.44542559806535
"397","DSP-1001660011973-F-E10.dcc",0.00365175626751859,0.0569479789208312,0.0527649840276196,0.106017958708603,0.0657978228928464,0.0369376776562145,0.0486279616978264,0,0.0510606575384197,0.174120626389753,0.0365763285069662,0.0956703870233545,0.0107323696755868,0.402031349815745,0.332393199429204,0,0.525456609789524,0.861562063587173,1.47333105855049
"398","DSP-1001660011973-F-E11.dcc",0.105494652419167,0,0,0.124078481365718,0.0851725138565811,0.168649794586846,0.0565768333114498,0.0520220789443432,0.0782471732679306,0.178364414608976,0.126785129615501,0.047554858906643,0.0375196952810566,0.218687001976197,0.157603127276311,0,0.401279146271377,0.92414274005992,1.43675575541672
"399","DSP-1001660011973-F-E12.dcc",0.0468382008970746,0.0483792795788348,0.0168480829519432,0.104866858297939,0.103026846421829,0.0472332304932484,0.0324504210275388,0.0289635553413587,0.0703164735830114,0.118433047852104,0.102492584273572,0.120817745282283,0,0.338609300636379,0.260579871948562,0,0.501801958138797,0.880284821502116,1.43985549858568
"400","DSP-1001660011973-F-F01.dcc",0.0276053246313721,0.039750526929387,0,0.11407824209753,0.114702920507696,0.0118206174059167,0.0426831963944663,0.0445462404893165,0.0751836205002407,0.163995590094116,0.111493441881137,0.113470452575429,0.00419307222945816,0.350835286993251,0.26910807545491,0,0.462517659137148,0.894150572149655,1.48346660818423
"401","DSP-1001660011973-F-F02.dcc",0.0630630473457111,0.039073140340335,0.0264492375294192,0.116301375112804,0.159564536875788,0.0508851461947888,0,0.0807250729081456,0.0721269339051134,0.211246712298426,0.041448755786216,0.0960223131999813,0.0592962878707868,0.270464880040724,0.169439990268786,0,0.416345293756248,0.914811199884046,1.45610742967703
"417","DSP-1001660011973-F-G06.dcc",0.0202161640522787,0.0664292106320233,0.037048260390622,0.120372943620934,0.10336395044579,0.0571451483222757,0.0503950273730885,0.157528829386195,0,0.197593335369815,0.0174736798822512,0.138642033730427,0.107747708560281,0.277224938952289,0.0684461670667199,0,0.412748576772672,0.914056682620687,1.41962739778499
"418","DSP-1001660011973-F-G07.dcc",0,0,0.0708742672795012,0.0849813924180726,0.12388330022243,0.0715584481796865,0.0661671235646272,0.197706119521808,0,0.19571649445406,0.099914919393255,0.0793705368158533,0.0388325210825362,0.276833256142215,0.0632475734929461,0,0.419124430354029,0.918500220598973,1.36908595256699
"419","DSP-1001660011973-F-G08.dcc",0.0368308138881001,0.062968557477307,0.0847156047768987,0.0532238549663559,0.111354523650612,0.0762620578199764,0.0547589930648806,0.166493066094091,0,0.17608002258538,0.0829477653361579,0.101963330629311,0.0150592449928801,0.224355698114907,0.154290031818299,0,0.43484875288977,0.916767870899877,1.40130356521516
"420","DSP-1001660011973-F-G09.dcc",0.0465369824926549,0.00868883921732423,0.049234963355112,0.0755128817406753,0.117736289110464,0.129460402328185,0.0348806166654846,0.149726546398859,0,0.130118599347269,0.0603866710849237,0.0992066321437277,0.120336764168444,0.254003616713958,0.142723069663237,0,0.453886685923023,0.896438031837563,1.41855287443032
"421","DSP-1001660011973-F-G10.dcc",0.0225616740721947,0.0212975990339689,0.0212005827473917,0.110810113063214,0.122417604921762,0.068277009451635,0.078857539994348,0.122765771220774,0.0113796094492758,0.177209868669692,0.0683639371416154,0.154076454740416,0.0790594964885824,0.291983144571189,0.0585159682172782,0,0.42979383676105,0.911618989658989,1.40877637378334
"422","DSP-1001660011973-F-G11.dcc",0.020567045891243,0.0301721580353359,0.0488252020113624,0.0882957375314729,0.142510867449654,0.0982914315790542,0.0060735932550442,0.14113322878788,0.0188023585462484,0.143703553549634,0.042598495705496,0.125301437555228,0.167157210719603,0.355298476897744,0.0299242041263706,0,0.386389269677045,0.922682417788378,1.45865500164137
"423","DSP-1001660011973-F-G12.dcc",0.0333817226000017,0.0632225174269423,0.021614830608074,0.0655248798079335,0.0838257010929885,0.0458994981113732,0.054858278037561,0.156120061196663,0,0.148507662818307,0.0950411476232207,0.119093303345162,0.167864513308678,0.29613212671029,0.113391922818948,0,0.476381458000636,0.881200382512526,1.46447816550614
"424","DSP-1001660011973-F-H01.dcc",0.0171842106937927,0.0208582145751425,0.0934174894514333,0.110182705057157,0.107502384944892,0.0688398746817602,0.0303148379495923,0.197628655857863,0,0.156175300742854,0.0661893230872196,0.149301166176577,0.0297808731238968,0.26043577379942,0.0717003725011828,0,0.438584934353323,0.916976809963528,1.37951118264278
"435","DSP-1001660015818-B-A05.dcc",0,0.0808226084441586,0.247755799286355,0.0838302559829033,0,0.191414861415505,0.177354504036524,0.00514895845582304,0.0213386177483056,0.108439233698624,0,0.183709126285058,0.0389165870197215,0,0,0,0.197428162761914,0.98210274200124,1.13873055237298
"436","DSP-1001660015818-B-A06.dcc",0,0.315137794826419,0.109430098028945,0,0,0.0190422909113671,0.164209949826699,0.00352811667363997,0.0742716452869233,0.131849713358478,0,0.121075905563918,0.0419992223604342,0.137307947318116,0,0.02,0.114284609026228,1.00691179053593,1.11785268415494
"437","DSP-1001660015818-B-A07.dcc",0,0.0912953212231541,0.114981043049449,0.167220890207027,0,0.283033052739462,0.171087094329203,0.0111553466757447,0,0.104771727772678,0.125659435859975,0,0.0512586640700129,4.75076371836945e-05,0,0,0.148315687644034,0.996795406624349,1.12051008356389
"438","DSP-1001660015818-B-A09.dcc",0,0.265033905001158,0,0,0,0.167997028365701,0.219585637750501,0,0.0051124154356031,0.275235248135063,0,0.10621969453871,0.0539232842713304,0.04174361100746,0,0,0.128275984562704,1.00802475894593,1.13485082450553
"446","DSP-1001660015818-B-B05.dcc",0,0.18550698172454,0.230938770721565,0,0,0,0.206128370139305,0.318166730042226,0,0.024031502539522,0,0.147440799753191,0.0522236100047936,0,0,0,0.130336773786687,1.00021311409916,1.16443676492514
"447","DSP-1001660015818-B-B06.dcc",0,0.18252592132309,0.127941918517875,0.0626169939954859,0.0622376809767459,0,0.160640456559961,0.272389347263975,0,0,0,0.311336327392856,0,0,0,0.02,0.111351012801676,1.00034767433302,1.17968864602999
"448","DSP-1001660015818-B-B07.dcc",0,0.224606242487994,0.224893224207332,0.00984753109223327,0,0,0.233477798409292,0.0982127120681779,0,0.084837592234025,0.00664673071334273,0.244023089232955,0,0,0.0400302584851755,0,0.155624479230026,0.991204875349582,1.16657517893053
"454","DSP-1001660015818-B-C01.dcc",0,0.220420398977385,0.112203404114865,0.0349264481763345,0.0100335695383186,0.219535039204173,0.206514511789121,0.163236946489725,0.053226191045836,0.0513682666936418,0.0330996684623709,0.0388738699398265,0.0397743288579721,3.52695147069796e-05,0.00915702948903161,0,0.144160409064206,0.994933218960892,1.19240494229331
"455","DSP-1001660015818-B-C02.dcc",0.135768294487729,0.156852476627773,0.252479028522813,0.029702591478756,0.11606780440108,0.139502526708427,0,0,0.0197686756168857,0.0406626865493562,0.0126742262295528,0.137574392424238,0.00591724566960121,0.0537552875289164,0.0967152719248311,0.04,0.0906744365396006,1.00410123694495,1.19744050816996
"456","DSP-1001660015818-B-C03.dcc",0,0.0795253895710261,0.208275753041139,0.124714412822482,0.0534910391148925,0.165097092903986,0.185781178122859,0,0.0733634837627052,0.0349315279911154,0.128298293387745,0,0.0230842493213021,0.0843511860871682,0,0,0.13428072507468,0.994367074225579,1.16091360612642
"457","DSP-1001660015818-B-C04.dcc",0,0.238571387080445,0.307663335489565,0,0.0178310365964328,0.00527497481176093,0.153901202562476,0.291355623610075,0,0.120445820990348,0,0.0186622207195795,0.0189328720425394,0,0.00623546239517896,0,0.14989206944736,0.993413203984816,1.1788739362984
"458","DSP-1001660015818-B-C05.dcc",0.111908097826438,0,0.0997544706180891,0.159731666145602,0,0.0948861751491377,0.0660652074119084,0.00396654222759535,0,0.168845855365878,0.0466754685945892,0.0149692947679996,0.349555513844949,0.0378950804905287,0.0337487148528159,0.31,0.0345409501642466,1.30035366911388,1.18800208729553
"487","DSP-1001660015818-B-E10.dcc",0,0.23265662909509,0,0,0,0.215720673075604,0.226292836444935,0.234626543624205,0,0.127586466501646,0,0,0.0723743190424153,0.0137659380693163,0,0,0.154512766337035,1.00039804195632,1.12302340585321
"488","DSP-1001660015818-B-E11.dcc",0,0.0143151387478099,0.0705593432761531,0.109576225568652,0.109748700221484,0.129409096553,0.219736978527106,0.100076674977733,0,0.0769011564819327,0.104005435552635,0.150903374008419,0.0461889238725024,0.0109398693392091,0,0,0.153754870292236,0.991426612275131,1.14236091712664
"489","DSP-1001660015818-B-E12.dcc",0,0.130119731406629,0.191968475920545,0,0.0552152688290962,0.276868965635639,0.130554094663482,0.180433124534434,0,0.12990174287448,0.0115651451394093,0,0.0426191676988614,0,0,0,0.170568449328987,0.988370343182618,1.14924571670258
"490","DSP-1001660015818-B-F01.dcc",0,0.0814887853425842,0.192738930881889,0,0,0.163316780885235,0.198960868705711,0.175960944148579,0,0.156198598261243,0.102287050380255,0,0.0235276625039029,0.0441922553322952,0,0,0.139691623706401,0.994219011880539,1.1386718764417
"491","DSP-1001660015818-B-F02.dcc",0,0.201840355828263,0.106780889904369,0.0608165186630631,0.0473726787229575,0.112960170050806,0.222146929061208,0.144314399619786,0,0.166767079975165,0.00805280063943592,0,0.0519275873003807,0,0.0118236876905389,0,0.148079942387747,0.995269745891227,1.13480309745597
"496","DSP-1001660015818-B-F07.dcc",0,0.101581767879524,0.0512379383495661,0.105885713703992,0,0.176983560603745,0.225649491149582,0.0849867734510849,0,0.168582760415406,0,0.11235052563052,0.100940705015498,0,0,0,0.174383225171233,0.997816731819418,1.12819923619892
"497","DSP-1001660015818-B-F08.dcc",0,0.222655162136195,0,0.0627335032900526,0,0.113169108193899,0.137700746005585,0.283966223693395,0,0.163218462291193,0.0671552320336642,0,0.0657563045876037,0,0,0,0.154494540677265,0.996827847195515,1.11635474223159
"498","DSP-1001660015818-B-F09.dcc",0,0.106844586514306,0.179911630606403,0.0340442499005132,0,0.132009348508016,0.216299791003247,0.19589438480046,0,0.0997943535116461,0.0345854396488096,0.0734061168090501,0.0487091210531468,0,0,0,0.192226925688023,0.982954099151102,1.1214990223556
"499","DSP-1001660015818-B-F10.dcc",0,0.358164772926446,0.109566912771423,0.00842629849349938,0,0.045427741364358,0.31536236191404,0.0369071646508684,0,0.110837823596643,0.0155761217165251,0.0968952926696315,0.0314571863654809,0,0,0,0.158613313106353,0.997608353587597,1.12862167646891
"500","DSP-1001660015818-B-F11.dcc",0,0.180310374307113,0.081971509156071,0.0206033604388828,0,0.248549711045243,0.146651144442618,0,0,0.261610502665946,0,0.133532234571587,0.0544249941994852,0,0,0,0.152610322389751,0.998711062023119,1.12765383082695
"501","DSP-1001660015818-B-F12.dcc",0,0.199593759903032,0,0.161131886363136,0,0.232680436319366,0.254435989170129,0.0476453607844597,0,0.115091577025666,0.0702265798302756,0.0103100825208033,0.0211786100595139,0,0,0,0.152588652875077,0.994424439173807,1.11229428197638
"507","DSP-1001660015818-B-G06.dcc",0,0.211896836304664,0.199265752232203,0,0,0.0709654971244019,0.0942140542885533,0.382473960790816,0,0.13309802677342,0.0132704412684297,0,0.0314860654826282,0,0,0,0.15524917163072,0.992784072911691,1.13667063426512
"508","DSP-1001660015818-B-G07.dcc",0,0.109780533625311,0.136176649788562,0.0621979524042988,0,0.168120359930778,0.221691112814174,0.184063009676265,0,0.151564314010355,0,0.0817891299497867,0.00268491339822043,0,0.0588717965185829,0,0.156884179713772,0.989326718410123,1.17693977211633
"511","DSP-1001660015818-B-G10.dcc",0,0.100227050914142,0,0.00637532282070667,0,0.0962602617355711,0.262005048008806,0.10598616169185,0,0.168409928826999,0.0704350631717327,0.19504081316446,0.0480163038110944,0.105910820789175,0,0.04,0.088447686744694,1.01181846556728,1.15866677493454
"512","DSP-1001660015818-B-G11.dcc",0,0.0527439325640453,0.381159351785397,0,0,0.300298089646091,0.233749945274567,0,0,0.133524565282382,0,0,0.0571064318029617,0,0,0,0.179896335527465,0.991240352078991,1.15858231635544
"516","DSP-1001660015818-B-H03.dcc",0,0.0799627939012142,0.123954171680497,0.101409586251104,0.0398601923597501,0.247019862882622,0.180750984826509,0.153238413320383,0,0.106170632644577,0,0,0.0536703123717998,0.0579637123334374,0,0,0.172437292276535,0.987650712026236,1.14400066257189
"517","DSP-1001660015818-B-H04.dcc",0,0.202563533666209,0.0177710113822888,0.0865701513260809,0.0172860377810832,0.2140391012513,0.161932167552074,0.189230204290084,0,0.110636321073863,0.0365036840109788,0,0.0667579737698868,0.0292927977196629,0,0,0.17291718532884,0.990407299055526,1.13258298382351
"518","DSP-1001660015818-B-H05.dcc",0,0.0957305169000209,0.0817725627202226,0.0828698169944624,0.0202771894992663,0.205808203540372,0.153163156665619,0.0636773010091496,0.0317486008655411,0.0664026894653444,0.0671309709519346,0,0.141625002538918,0.14532507314574,0,0,0.237633520554146,0.985363161385173,1.15553108429659
"519","DSP-1001660015818-B-H06.dcc",0,0.151669623972952,0.114115280923389,0.0407023075847586,0.00312493993947114,0.233395190944482,0.173767135467893,0.108602111164606,0,0.109855188759051,0,0.0286465860834972,0.063793975797362,0.0729090873020051,0.0297379333698576,0,0.21021612052782,0.979093105100335,1.13031936130932
"520","DSP-1001660015818-B-H07.dcc",0,0.125245298675684,0.0843393457034258,0.0917239962509653,0,0.290718858702172,0.154058936597423,0.139692615924417,0,0.0732028824598083,0.0146385506349421,0,0.0802744639550697,0.0718616345491075,0,0,0.196289972073686,0.985327725523034,1.12575658345301
"521","DSP-1001660015818-B-H08.dcc",0,0.0761102239140607,0.0956982877682374,0.0432259079069081,0,0.250727039532118,0.226007562979532,0.175267794082923,0,0.150416893744798,0.0538257677569687,0,0.0508346787895047,0,0,0,0.16022522663629,0.991948638296165,1.12211415647505
"522","DSP-1001660015818-B-H09.dcc",0,0.16697222741808,0,0.027223152686371,0,0.301624859194922,0.281521483962919,0.13181670784441,0,0.110599491230709,0,0,0.102900352907442,0.00297693949859964,0,0,0.163990371726451,1.00607868272416,1.12563521474345
"541","DSP-1001660020370-C-B06.dcc",0,0.268358196844839,0.189255598978277,0.0444556149378652,0,0,0.26137801871927,0.12858706857969,0,0.148248907238053,0.0391505887018308,0,0.0477127443271386,0,0,0.01,0.123415895001204,1.00425928203067,1.12714673832696
"542","DSP-1001660020370-C-B07.dcc",0,0.169254680013009,0.357666362094499,0.184054530220119,0.00865123305492882,0.0880628575630001,0.113127222075632,0,0,0.126877423112899,0.00803869551224304,0.0336454674043538,0.0223490013127412,0,0,0,0.149562711654061,0.996679402833675,1.11172747236343
"543","DSP-1001660020370-C-B08.dcc",0,0.244445886552836,0.111315976857406,0.022555429444027,0,0.0850875249339504,0.136652263451581,0.15981242967075,0,0.206621652180962,0,0.103871113613265,0.0310505693680393,0,0.0333308645663616,0,0.154108515622647,0.992095875039306,1.13474371063918
"544","DSP-1001660020370-C-B09.dcc",0,0.184813359217858,0.177138561752977,0,0,0.0703476455219512,0.185750145045905,0.0971228758672468,0.076812164356283,0,0,0.322775508659693,0,0,0,0,0.148567548201487,0.994756533046368,1.11476026042191
"545","DSP-1001660020370-C-B10.dcc",0,0.0553501603596376,0.189818873329976,0.0650658650662107,0.0373445333953663,0.305636210936839,0.197072698718082,0,0.0157826079210111,0.0645163095067172,0.0606169329442949,0,0.0298887186523924,0.115371451760705,0,0,0.157728746162778,0.990166589607321,1.13646436259123
"546","DSP-1001660020370-C-B11.dcc",0,0.176341607232043,0.131275969074457,0.0102376700751578,0,0,0.153073173116984,0.192467066749981,0,0.124631871002479,0,0.138662536400978,0.0230397991767024,0.175260179370255,0,0,0.152864050622186,0.992641241198945,1.12498987219904
"549","DSP-1001660020370-C-C02.dcc",0,0.292024381328835,0.134521358456005,0.0305442687748084,0,0.178328734024277,0.12101176955526,0.224023951933819,0.0597246301722608,0,0,0,0.0912530523775263,0,0,0.02,0.117770825893012,1.0162880637098,1.13143214662279
"553","DSP-1001660020370-C-C06.dcc",0,0.204668077721991,0,0,0,0.416379835119407,0.119470949858841,0.136055023694445,0,0.160539020712524,0,0,0.0956060132699479,0,0,0.02,0.109856949266535,1.02531046793559,1.13271892037716
"554","DSP-1001660020370-C-C07.dcc",0,0.157067389537062,0.12151431550367,0,0,0.187871814610922,0.172732405178725,0.343878765959824,0,0,0.0391038103811711,0,0.0980958885919673,0,0,0.02,0.119318412098382,1.01569536255844,1.12026438976334
"555","DSP-1001660020370-C-C08.dcc",0,0.232000109802194,0.0159585911874586,0,0.0376111205689766,0.298717897299013,0.192791894530621,0.200683102342789,0,0.0901533846216572,0,0,0.0668621038788342,0,0,0.02,0.107989294943771,1.01279742389571,1.13477820423154
"556","DSP-1001660020370-C-C09.dcc",0,0.199531469426197,0.221155794104393,0,0,0.166165882390544,0.178966668239757,0.162516041581271,0.113865989123997,0.0105942715723595,0,0,0.0686521921052015,0,0,0.02,0.116819036353985,1.00901392950426,1.12144830854372
"557","DSP-1001660020370-C-C10.dcc",0,0.146839114217474,0.0998812679384536,0,0,0.341068169610008,0.248012623451247,0,0,0.210872737318272,0,0,0.0726115941753462,0,0,0.02,0.108594744182079,1.01712441987894,1.1192855067108
"558","DSP-1001660020370-C-C11.dcc",0,0.178895859620649,0.203569713375978,0,0.000437420010919305,0.180837828661789,0.166946691313714,0.105333452723197,0,0.174352169195442,0,0,0.0858774563364996,0.0389822096913754,0,0,0.127805370822145,1.00896287871192,1.13523280092956
"589","DSP-1001660020370-C-F06.dcc",0,0.0277569071262517,0.115561559349641,0.0391353947833672,0.117006734191888,0.140851251070873,0.0628499107442617,0.139725854876418,0.0239979783815811,0.0642745541152807,0.0312821152273232,0.159756748440076,0.222798060234723,0.0605023738430695,0.053556017400501,0,0.475238967135057,0.881542408012475,1.25905545978526
"590","DSP-1001660020370-C-F07.dcc",0,0.107093199780413,0.118057369104585,0.0360581601400779,0.0785652259934831,0.196140880291341,0.0806323285114742,0.139674202154901,0,0.0888642962514001,0.0606405354543318,0.153252451912844,0.0688227882841093,0.0314541097504408,0.0567718759148396,0,0.25590917492585,0.966625604209954,1.21602742354424
"591","DSP-1001660020370-C-F08.dcc",0.00386112813837355,0.0701926287931067,0.0415277952690424,0.0763488976722569,0.0695903580829763,0.118533622070345,0.0360562026086131,0.18535650676401,0,0.0793416748210392,0.0652983987008742,0.0956281862344506,0.413146589293088,0,0.0742057075379716,0,0.544534895771724,0.9112469247194,1.32908769598615
"592","DSP-1001660020370-C-F09.dcc",0,0.0570609344678029,0,0.0304781676608023,0.0641334880309206,0.193555391953098,0.0893622123426293,0.147150025679884,0.00419846804426987,0.0767573008419365,0,0.0451520985538175,0.773039191923935,0.0165140366485172,0.00627154002331895,0,0.644896694299894,1.12839964765105,1.50367285617093
"593","DSP-1001660020370-C-F10.dcc",0,0.0682903757270707,0.0683882172595902,0.0593869383917372,0.0886881221921212,0.207815686149792,0.0829659061587318,0.184874626003638,0.0303640064296484,0.0422787246151154,0.0684116941886618,0.00359176049965165,0.276738678669116,0.0768587907918192,0.0318266258473523,0,0.600384082648859,0.800248252075348,1.29048015292405
"594","DSP-1001660020370-C-F11.dcc",0,0.105194512026562,0.0701007995997952,0.0481544809328111,0.0404250590478788,0.0862026581114397,0.0607219158791458,0.147774337543106,0,0.0520301543763974,0.00803965216955141,0.179119430739202,0.256815793935096,0.0857372454777988,0.10162305403934,0,0.580631496866133,0.814731762684769,1.24193909387812
"595","DSP-1001660020370-C-F12.dcc",0.008995922542181,0.10966535608134,0.0460977301019186,0.0267557527755109,0.0292426813740567,0.125583030816338,0.0771120095827805,0.154166355231903,0.00493341654450969,0.0877918231786688,0.0578631901049956,0.0905770236041288,0.586208528900702,0.0175074262972963,0.067026481298187,0,0.670543061933461,0.874527511160643,1.48952672843452
"608","DSP-1001660020370-C-H03.dcc",0.0175130145911584,0.0963107909106754,0.0838193676131103,0.0634049828956889,0.0996286314238431,0.14048277029465,0.126839736801645,0.144013067806533,0.131158129470387,0.0962100281540314,0.0844998997742757,0.0516562114413777,0.0130208066814029,0.275237775138521,0.23695571961106,0,0.256957826285122,0.966575859991811,1.66075093260836
"609","DSP-1001660020370-C-H04.dcc",0,0.10053029944939,0.0326221786585247,0.0630864124893106,0.0302078190184147,0.167526636967287,0.0832405821521457,0.129671298490328,0.0853234049195583,0.0585907519463263,0.0915687941071426,0.105513483579574,0.115604786218407,0.402726687682283,0.215905691660621,0,0.279124749343719,0.963874453440594,1.68211882733931
"610","DSP-1001660020370-C-H05.dcc",0.0704584206015615,0.158563800144787,0.0319767124877553,0.0760212304945526,0.0227489241906797,0.117062030132131,0.0919400109609976,0.155284148770986,0.104420739724499,0.0813676311629826,0.0620375640224394,0.0724629875828162,0.117268684230876,0.158924618341604,0.195398616533886,0,0.21269169619634,0.983677486319556,1.51593611938256
"611","DSP-1001660020370-C-H06.dcc",0.0435507914299671,0.0615568580134536,0.0723049900045087,0.0653753471350102,0.0620215315430228,0.166153290660863,0.0237830460835886,0.282238417197488,0.0958441840966382,0.0489942960551497,0.0754366244808465,0.0704390949993998,0.175661340850338,0.0785750723247236,0.071420828845436,0,0.224393449484131,0.990979407302618,1.39335571372043
"612","DSP-1001660020370-C-H07.dcc",0,0.0451969579127485,0.0327444506529719,0.0834077875752265,0.0870682718619542,0.196472174269641,0.137067401377566,0.11640979342255,0.0998090112945727,0.0594083068197103,0.0950031476543395,0.0928475980186437,0.183418651522315,0.330304302502902,0.135029514402437,0,0.226182764396869,0.988953232410407,1.69418736928758
"613","DSP-1001660020370-C-H08.dcc",0.0902026781067254,0.072093109240012,0.124252991819015,0.0625604732866336,0.0701892728872275,0.172514950207125,0.0754131691349698,0.150099732410374,0.104381975816615,0.0311924253786534,0.0620156741434354,0.0874966916858041,0.0344034645582882,0.25478164189831,0.257496956254766,0,0.251599084407113,0.968225222062618,1.64909520682795
"630","DSP-1001660020371-A-B02.dcc",0,0.0607822612517214,0.0536290063675481,0.0544025726812448,0.0662455261621924,0.153655209923698,0.102858441088176,0.124780873539974,0.0561982883895641,0.0536218312791239,0.0382491750917861,0.0864767288619758,0.216287089169616,0.337189603183114,0.185815180618976,0,0.51507112713389,0.858174220898203,1.59019178760871
"631","DSP-1001660020371-A-B03.dcc",0.00357101831382144,0.0950325710939328,0.0435471048992292,0.0520713635157656,0.0403343110269774,0.161885223270422,0.0708795954551862,0.142113605871984,0.0684807361812351,0.058566456813631,0.0399152043983365,0.0524313902864276,0.282765998831649,0.310060528003136,0.238467217921638,0,0.444431827686347,0.903599724227945,1.66012232588337
"632","DSP-1001660020371-A-B04.dcc",0.0050060648695975,0.0764126711525369,0.0874604400776729,0.0851484007123868,0.0433808385141668,0.161555516468306,0.0801681534490822,0.187891552525219,0.0688494681058997,0.058474418998262,0.0890856163805989,0.0557446087312295,0.0167824752341193,0.365797966646251,0.278846269235604,0,0.37900127588265,0.927047100639008,1.66060446110093
"633","DSP-1001660020371-A-B05.dcc",0,0.0721769991938999,0,0.112830956441608,0.0104457168935514,0.202595939935907,0.117691174817647,0.0740934310795522,0.188477102720531,0.0301352156158514,0.107256366609885,0.00975775073357394,0.451879384259766,0.354905227714165,0.355810131506562,0,0.614515328431349,0.793039938105472,2.0880553975225
"634","DSP-1001660020371-A-B06.dcc",0,0.0378098004460984,0.0948062560635567,0.0982332899006719,0.0479830479187342,0.213639217750013,0.0407991517741571,0.197371154762842,0.0141660449322686,0.0538524206166249,0.0517017021442687,0.0565183916167057,0.0464433520389556,0.521087109120628,0.257756528467136,0,0.419453625884473,0.909343883399976,1.73216746755266
"635","DSP-1001660020371-A-B07.dcc",0,0.113025920003233,0.0955911472389862,0.0625750497122783,0.0396679042530563,0.106275842391489,0.0850063629803672,0.155169471617824,0.0543758329351648,0.0950735747621867,0.0501387409622094,0.109594159601579,0.0163256467222748,0.329029842197854,0.193944386178239,0,0.443745854518651,0.908090074280436,1.50579388155674
"649","DSP-1001660020371-A-C09.dcc",0,0.0804855635861321,0,0.0429769826510704,0.0264484081137374,0.19075885997321,0.10488000737022,0.0947804642165704,0.082867180193872,0.0427428800182979,0.110849152729168,0.0647334212007652,0.166857213065569,0.322929818024599,0.292866077099121,0,0.353422825604645,0.938949444348437,1.62417602824233
"650","DSP-1001660020371-A-C10.dcc",0.00494667453802275,0.10335614401448,0,0.0445462284657172,0.0461889099737355,0.155611857708955,0.098813769220166,0.136588043091154,0.103662060144263,0.0402741700685571,0.0859493334723183,0.0694502232895905,0.221577101896861,0.293449299091795,0.156689620308093,0,0.591352234744999,0.814149709968472,1.56110343528371
"651","DSP-1001660020371-A-C11.dcc",0.0443613325018584,0.136920370642436,0,0.0672687737719247,0.0629983673732409,0.188375209981728,0.113047439658631,0.13995441079238,0.127492177300613,0.06639219321113,0.11092684308595,0.0571612183551783,0.421179448103227,0.251546063592961,0.221243985548185,0,0.626268478968106,0.78010315164664,2.00886783391944
"652","DSP-1001660020371-A-C12.dcc",0.00276506849020319,0.113512343577002,0,0.0684652503279287,0.0288821221247342,0.168772180493177,0.159648326006261,0.11449163535313,0.0576609867425458,0.041272932369751,0.0772271569607214,0.0478295010633807,0.182815806595622,0.28335745550557,0.217755885272668,0,0.441372516523989,0.897691702835453,1.5644566508827
"653","DSP-1001660020371-A-D01.dcc",0.0237484179870025,0.0464617544873552,0,0.0576240767164045,0.024832801850367,0.285749792715558,0.0988586011027223,0.132000865311576,0.143825736653145,0.039535109456111,0.0723483982560016,0.128122460059412,0.410653322046556,0.292266354713392,0.291685934696349,0,0.608428332462917,0.794095867523302,2.04771362605195
"654","DSP-1001660020371-A-D02.dcc",0,0.0863862166356189,0,0.0923791150214849,0.0317627897550778,0.180140412292751,0.0897363817107101,0.140672764623665,0.14724247588636,0,0.0729137557872053,0.116304584054664,0.298804682896192,0.307921833161597,0.261285311464913,0,0.475970590384555,0.882040202169909,1.82555032329024
"655","DSP-1001660020371-A-D03.dcc",0.0380291769909128,0.0965152224384889,0,0.07009385767081,0.0467754094402132,0.206994563191379,0.0893234062751132,0.139981633148899,0.106439556444645,0.0448638290384327,0.118881617661836,0.0880402024946957,0.243678411647511,0.279796617450915,0.208874451917102,0,0.463007710945123,0.886427179075799,1.77828795581095
"656","DSP-1001660020371-A-D04.dcc",0,0.0780717883103281,0,0.0469378943146742,0.0488438088575063,0.207338477041103,0.139420987897231,0.130564449715869,0.0987707216890462,0.0490383273536419,0.0622062531841778,0.0743998175138888,0.195590524958193,0.291904314756691,0.211763499345708,0,0.350823450320289,0.940482394411562,1.63485086493806
"662","DSP-1001660020371-A-D10.dcc",0,0.0813504739631842,0.0595389436033589,0.077171342807931,0.135246395515777,0.179724689599486,0.00508431445229452,0.128395334264112,0.0346860428472234,0.140459556189993,0.0358458171511383,0.117562798929385,0.0188196247940335,0.295873305909545,0.054846635392053,0,0.30963984750445,0.952026383616343,1.36460527541951
"663","DSP-1001660020371-A-D11.dcc",0.00872972677785632,0.11373540583563,0.0714155405447715,0.0594094219158281,0.0973383988259614,0.070844851863287,0,0.167017764579231,0.0577150019692767,0.0991147345674858,0.0955505357881312,0.180591271440201,0,0.153681844138617,0.194818454021745,0,0.250223648711051,0.967912443805919,1.36996295226802
"664","DSP-1001660020371-A-D12.dcc",0.00562997646745861,0.105775481822163,0.100465112636032,0.102728268381457,0.14912664593856,0.0198343932050349,0.0701619919030115,0.133437649660831,0.03336084405831,0.110824123973439,0.0165373415489577,0.189671217282746,0,0.284326078098925,0.0508960717777707,0,0.368019429006352,0.937083141575985,1.3727751967547
"665","DSP-1001660020371-A-E01.dcc",0,0.019706941965261,0.118574729438729,0.0623009888673373,0.079269945207418,0.138626871773017,0.0336106429515473,0.200714812672762,0,0.185597374656206,0.100070958339573,0.170156690688053,0.000632581051694232,0.15428519286997,0.0342033067211819,0,0.303857060034433,0.957194704801005,1.29775103720275
"666","DSP-1001660020371-A-E02.dcc",0,0.100183154657539,0.174232420446242,0.04522352451962,0.0569583009016131,0.323432301088999,0.0325303919827453,0,0.0214367914275044,0.101056708313851,0.0283457203038184,0.109979374672722,0.00663833288125992,0.293291517681938,0,0,0.305673914589815,0.953663986034286,1.29330853887785
"667","DSP-1001660020371-A-E03.dcc",0.00333811669484226,0.0581477857638983,0.121107881975332,0.0557261460491419,0.129624933125172,0.141471612755256,0.00588927174276265,0.152560546823696,0,0.131129012922099,0.0505329400954325,0.111273248718649,0.0141558395349519,0.388107405504023,0.0591785039622704,0,0.372139405409804,0.931897430104901,1.42224324566753
"681","DSP-1001660020371-A-F05.dcc",0.145978970875435,0.0873495044272863,0,0.0591529561774021,0.088092606725757,0.0691860471165868,0,0.256142208365055,0.179050844183834,0.0809836976057856,0.0627670162893853,0.199400880318872,0,0.218695399799728,0.214489450899904,0,0.195113510886067,0.984760576505648,1.66128958278503
"682","DSP-1001660020371-A-F06.dcc",0.048036116896328,0.00244689490797669,0.018539161355131,0.0965643869481499,0.144964898996015,0.167995630975959,0,0.179058226419498,0.121237055353841,0.052862712127663,0.0974156104329851,0.15478851405262,0.0508590133428262,0.230296591777304,0.328755939409485,0,0.22573746447404,0.9775023826,1.69382075299578
"683","DSP-1001660020371-A-F07.dcc",0.000168818163491415,0,0.0467838456510168,0,0.199178641792911,0.288268296525039,0,0,0.304062336076881,0.0831498210998325,0.122653937729891,0.0192297328215737,0.0136350579342971,0.339033755850302,0.291384392281312,0,0.255712686453892,0.970023181430103,1.70754863592655
"684","DSP-1001660020371-A-F08.dcc",0.0141530868483803,0,0,0.0791759703373989,0.0857945341409297,0.260681702360557,0.0446978777245977,0.169219273916901,0.217938394909377,0.0259978802181085,0.0676694895845003,0.110524093501608,0.38229974869659,0.164945647526171,0.156370188069065,0,0.204303322314826,1.07521263766056,1.77946788783418
"685","DSP-1001660020371-A-F09.dcc",0.0358624505624372,0.0605267770354613,0.0821029205148668,0.0689006213579283,0.1229993713213,0.14251603071545,0,0.109558473101132,0.250032431567167,0.0431724482012981,0.0140591918500731,0.145113042389753,0.0132052036153323,0.294752541505945,0.319767356937472,0,0.243972605990872,0.972857958846796,1.70256886067562
"686","DSP-1001660020371-A-F10.dcc",0.00467339759332065,0,0,0.0352801102728209,0.18553859890869,0.137667159459741,0.00541942049297803,0.223199407614955,0.288498962243043,0.00475461134856399,0.0749868286788313,0.254274593982081,0.00408322622493084,0.272786320043869,0.220022547578237,0,0.218087045789653,0.979249470087267,1.71118518444206
"687","DSP-1001660020371-A-F11.dcc",0.0274380336744045,0.0563305471442946,0.0448127556114695,0.0429058169267513,0.0980924991191126,0.182840029504595,0.0253626539763838,0.21291619332587,0.314573118274468,0.0264038250682836,0.162415231957189,0.0534818368278365,0.00263701577925882,0.326375458973148,0.0823430874932637,0,0.238367583055355,0.972148908189394,1.65892810365633
"702","DSP-1001660020371-A-H02.dcc",0.0428646033816948,0.0999962411849678,0.102600464910721,0.0553061045326147,0.0904150940186552,0.165542960470144,0.0464117531852171,0.135539154293004,0.0876475111141933,0.0539397317237816,0.0308241138557425,0.0334554308910223,0.279425471857202,0.144088217667795,0.0919458471671824,0,0.231938069919165,1.03235323986959,1.46000270025394
"703","DSP-1001660020371-A-H03.dcc",0.000477969610051493,0.128135089689252,0.153953944171024,0.088280997120491,0.124756717648816,0.125396412942445,0.0741233057844895,0.225939046759352,0.0141309842513269,0.0975058007393481,0.102878658147152,0.00671374879234003,0.0908894101325911,0.0987808204481687,0.0742029980464087,0,0.147733609382502,0.995655002320055,1.40616590428326
"704","DSP-1001660020371-A-H04.dcc",0,0.0916908147207522,0.184960831349108,0.115081327997535,0.0749376770059771,0.130477014284523,0.0943014070084693,0.149491674409436,0.0614156236932951,0.107204921521834,0.137107781966401,0,0.0491914607513069,0.158214157610839,0.0856363195129854,0,0.214563422332763,0.976457910709701,1.43971101183246
"705","DSP-1001660020371-A-H05.dcc",0,0.0607320226490858,0.140361043495389,0.0551029541365905,0.0900619413992204,0.194976000711734,0.120617467222876,0.194775890517462,0,0.120085276048434,0.0517877128474337,0.0617288061098205,0.140750689370856,0.156150033335058,0.0418548028215283,0,0.230504899483312,0.979012953381346,1.42898464066549
"706","DSP-1001660020371-A-H06.dcc",0.00461304197839532,0.115600894922634,0.154580980604817,0.0969283947592677,0.090543566757662,0.112276825884389,0.0819884595238911,0.133977271382588,0.0380789029003139,0.115541343714564,0.0926424294206023,0.0686981645800676,0.0524684250745549,0.22550155439882,0.0367084798486749,0,0.251191274947689,0.967757083131154,1.42014873575124
"707","DSP-1001660020371-A-H07.dcc",0,0.0649188428523092,0.0994741163568996,0.0250096304758577,0.0403437692078204,0.101076136478944,0.0903594723885159,0.20401460497271,0,0.116253978726158,0.120850155592301,0.141434318579291,0.195853670443688,0.0334775937321845,0.050358479084306,0,0.215985589450156,1.00842806461644,1.28342476889099
"736","DSP-1001660020372-E-C01.dcc",0.0561350890440764,0.0388959931653119,0.160615253405625,0.0411603811842998,0.0550103449691361,0.194771374148099,0.0556279592501396,0.0398681264812207,0.0400400702786171,0.169920650646667,0.0406884650530792,0.14109357377928,0.121416682584918,0.0439824371620202,0.053151945071697,0,0.343765752502348,0.93896335569138,1.25237834622419
"737","DSP-1001660020372-E-C02.dcc",0.00693462954500788,0.0666572766497822,0.0814910044248408,0.0891155358102646,0.0569436183876725,0.146773554170464,0.0650782936892381,0.0321438697316802,0.0452148600082315,0.112593718553694,0.0390734738564058,0.134733477969416,0.309374790473221,0.0366078717320755,0.0894280050398213,0,0.657661098887123,0.754140026906475,1.31216398004182
"738","DSP-1001660020372-E-C03.dcc",0,0.0382532865902217,0.0431754925734647,0.0903661091504626,0.0317029145217416,0.201047771997092,0.0511435031345247,0.0559221398371901,0.0379886036031205,0.135940691723395,0.0333125809488607,0.148073783054759,0.319771544384532,0.147059471685182,0.0470289598648785,0,0.592108366605341,0.811412973149269,1.38078685306943
"739","DSP-1001660020372-E-C04.dcc",0.000367978883347628,0.054539908816871,0.0901533778158118,0.0702381136090028,0.0492966187368322,0.154443822357335,0.0568657443556548,0.135098250203868,0,0.108687526798796,0.0472869935351155,0.0172934436935457,0.424735344901091,0.0231627441115453,0.0522848462836348,0,0.677145787706897,0.787863937212567,1.28445471410245
"740","DSP-1001660020372-E-C05.dcc",0.00216435130293587,0.056029958297232,0.0647350348142363,0.065971134148778,0.0516528209825734,0.188280490293306,0.121067287546243,0.0894448513955451,0.0336313347416611,0.0722307164001643,0.0497352449381765,0.151993980839623,0.377073226949376,0.0915989945711909,0.0606290561896728,0,0.65852722046143,0.757727752891732,1.47623848341072
"741","DSP-1001660020372-E-C06.dcc",0.0213464560810062,0.0660624172284915,0.0851777983579318,0.0384481453013286,0.058327135917705,0.120078606317729,0.0782718995889642,0.112501017441174,0.0501831052664464,0.0886784642011371,0.0597930168640108,0.145833672363928,0.471976825951802,0.0613048487127295,0.0354238145081811,0,0.728381492208139,0.710160945882165,1.49340722410257
"742","DSP-1001660020372-E-C07.dcc",0.0248615116086823,0.0858982904103536,0.119078063830084,0.0618291985363099,0.0581065391531782,0.143652542983654,0.00947012711565087,0.0639513856422386,0,0.0911419039063671,0.128871824150748,0.172812031715706,0.223746148470533,0.0578393920892391,0.0615514652499053,0,0.563695796682946,0.826562694771094,1.30281042486265
"754","DSP-1001660020372-E-D07.dcc",0.00939792512390646,0.166921330353112,0.0957715949403116,0.096204771981052,0.0548661719477674,0.123381432235962,0.0720195857046248,0.14408364475771,0.021034251518448,0.189555877933298,0,0.0359441965094692,0.310834754384597,0.0215683222108053,0.0573232193611767,0,0.360997627952333,0.979192063281071,1.39890707896224
"755","DSP-1001660020372-E-D08.dcc",0.00411702751150353,0.121437917777137,0.165365509641047,0.050896674438755,0.082772878995058,0.10574647886212,0.0559622396597391,0.100459800671766,0.0066875004148808,0.102677394408375,0.0403527488953944,0.135779731496327,0.195585970667811,0.0777001222399917,0.0330060515411564,0,0.403387286606036,0.917302879698791,1.27854804722106
"756","DSP-1001660020372-E-D09.dcc",0.00461306727954337,0.0574011261444567,0.116708355143648,0.133240338669114,0.078234717731376,0.174483527223404,0.0683057023826713,0.152435016447899,0.0933880770681834,0.123421201282944,0.0924706758748791,0.023003905685704,0.056660714925854,0.122458139994936,0.0574707133653945,0,0.226984489939262,0.973654190991702,1.35429527922001
"757","DSP-1001660020372-E-D10.dcc",0,0.055823238103646,0.162682699166775,0.0891449617158945,0.105652741431864,0.063633410699322,0.108956817073804,0.0675271661255574,0,0.226539881147743,0.0691168510172202,0.118568466734026,0.0482367639762085,0.101299948623224,0.0741835920495784,0,0.184605317729812,0.983711582110675,1.29136653786486
"758","DSP-1001660020372-E-D11.dcc",0.00403286477006629,0.155467744899909,0.00767126991790623,0.0600623878062411,0.0795877220326445,0.0464184967504144,0.105507972657865,0.179482771876363,0.167468082344543,0.0676546069525158,0.158496056090123,0.0365804463158784,0.295234962025229,0.0598855834208412,0.159099555586313,0.03,0.101071682390527,1.09909679619562,1.58265052344685
"759","DSP-1001660020372-E-D12.dcc",0.0795645725783804,0.0497946391382534,0.098486199735173,0.101070082542341,0.0713880726027791,0.196770740396926,0.0445313047692904,0.181623484111381,0.100093396988818,0.0567954356133492,0.0463317875754435,0.134176641189115,0.187626640643621,0.109882174248502,0.220949644899345,0,0.179621270714588,1.00428248088107,1.67908481703272
"760","DSP-1001660020372-E-E01.dcc",0.00477427957809612,0.0305376918045015,0.0709706165650593,0.08411723333824,0.0912725443747577,0.189873567083605,0.121905857353836,0.086525086565528,0.0241710472498923,0.140213684780969,0.0510914081469364,0.166786509199545,0.314099565884887,0.0275773595426377,0.0454115064007576,0,0.461947421886418,0.90488068785746,1.44932795786925
"761","DSP-1001660020372-E-E02.dcc",0.00745756275663238,0.116960750136996,0.0614936588210659,0.0753558273394962,0.0498913527733889,0.20175426763419,0.0992353908567932,0.166578877855725,0.0723489895491204,0.0707850873183574,0.00760933078848971,0.105188190706236,0.125321271700911,0.107628133599603,0.254890001869622,0,0.208449316015126,0.985877975888066,1.52249869370663
"806","DSP-1001660020373-D-A12.dcc",0,0.0908693075972557,0.133336451014635,0.0498090045528614,0.0199345254296187,0.187634380770828,0.135036498956678,0.0765520225652566,0.107591546881535,0.0346342598917693,0.0267025285885684,0.0790426610988338,0.144135272925463,0.140033609246542,0.133779369709043,0,0.402332583943727,0.915731678946088,1.35909143922889
"807","DSP-1001660020373-D-B01.dcc",0.0462738862758993,0.0179979198699376,0.179451225419517,0.0986203919886243,0.0327601788712596,0.179121095046792,0.0273306105809823,0.0954396552534215,0.080449112107856,0.0941743637394551,0.0413458151215742,0.116032083607428,0.0181908036103763,0.174271795055334,0.0853153962280141,0,0.33129298995692,0.949795678960488,1.28677433277647
"808","DSP-1001660020373-D-B02.dcc",0.0096282260966024,0.0457095000764748,0.0540734136690733,0.0153329454450733,0.0582620987998042,0.232348917246007,0.0563822728648743,0.16153454115669,0.126827720618656,0.0300198925553244,0.0149394101448933,0.13909779254813,0.226351546501959,0.107500563394272,0.18548847344275,0,0.407843170383841,0.916694023916579,1.46349731456058
"809","DSP-1001660020373-D-B03.dcc",0.0154556526379121,0.0613025239509306,0.168220769845172,0.0997163570043282,0.0660139508431233,0.126359872231226,0.0912552291914063,0.131534625640442,0.111424575187275,0.0300526475754963,0.0737566718567001,0.0745087537799049,0,0.14253158033837,0.18240180440212,0,0.298764706280981,0.956189906182079,1.37453501448441
"810","DSP-1001660020373-D-B04.dcc",0.00457858333415436,0.0852237730826101,0.0921170769102604,0.0548711623102012,0.0432273239481537,0.172094473210106,0.0835673514232057,0.122693817409966,0.0764117030154145,0.0742738911123163,0.0657737819581165,0.136298746855387,0.0159854896117248,0.179581431394775,0.160767539879175,0,0.283792108900137,0.959693654896982,1.36746614545557
"811","DSP-1001660020373-D-B05.dcc",0.106636466527997,0.100042530203453,0.069150407665307,0.093280101071735,0.0365472191646869,0.19117170788077,0.0299188057997296,0.128578643345705,0.0985122556608779,0.0458979634188289,0.023762972664864,0.0549757703427709,0.23188102561237,0.132304624272332,0.0757192268129352,0,0.290076230144939,0.980815229667916,1.41837972044436
"812","DSP-1001660020373-D-B06.dcc",0.0173637622418182,0.0511005995226303,0.139003323170383,0.097119101431524,0.0420646733051213,0.139751223700258,0.0570534205770067,0.159065743540097,0.066233801657525,0.0722279904084328,0.0753368662702332,0.11414887315921,0,0.162754084213669,0.197645337328376,0,0.34562200458255,0.943908598384678,1.39086880052628
"813","DSP-1001660020373-D-B07.dcc",0.0174686858699618,0.117519062688044,0.194673907583333,0.0515520307506921,0.0526938185311553,0.175673935352755,0.103062492574649,0.0858694844981161,0.100635118949764,0.0776097917089947,0.0547606112369196,0,0.0276833215877891,0.113460372951485,0.0906245752482142,0,0.340219338568849,0.947952278802012,1.26328720953187
"823","DSP-1001660020373-D-C06.dcc",0.0106739717442373,0.0768902961457071,0.135156303281243,0.10080696832191,0.0499025801651052,0.142067867498845,0.125243009577484,0.189005783097656,0.0396475375290196,0.099549853990381,0.104682883499941,0.0860304279056263,0.0085330413501506,0.190843985031917,0.077362855441552,0,0.266363039864129,0.965053571183107,1.43639736458078
"824","DSP-1001660020373-D-C07.dcc",0.0643087060641418,0.0887056581109781,0.146104433475189,0.0821592587070799,0.0304476223119048,0.161188784661038,0.0597522932847703,0.155305179173017,0.0929618578575408,0.106474638747814,0.0720932118375483,0.0731436832071294,0.0117980987322697,0.150454676728688,0.0925144581888252,0,0.240158186377579,0.970806275436429,1.38741256108793
"825","DSP-1001660020373-D-C08.dcc",0.0172032465048161,0.0574000512029731,0.0773671254489799,0.0822479860682272,0.0725942469138464,0.20523027356475,0.160739536461606,0.223775176218914,0.0607112177464931,0.0789557027179215,0.107368093249423,0.0919888365604188,0.0198022293947123,0.239920893663018,0.144178648894132,0,0.255500485896475,0.966586555829538,1.63948326461023
"826","DSP-1001660020373-D-C09.dcc",0.0347517559075245,0.0468004842336111,0.0681652757530786,0.0869052946568489,0.0948757649510879,0.144630346298408,0.0432198927681109,0.169047532994068,0.0871855778494096,0.140307754607304,0.0848948376043025,0.102073371711125,0.0586898021854088,0.155291942052155,0.144219492547049,0,0.234258930653994,0.97201320888615,1.46105912611949
"827","DSP-1001660020373-D-C10.dcc",0.0413930942648797,0.0513663056825876,0.166697840306084,0.0629088873022185,0.0698271799757575,0.130294487060942,0.105691432023761,0.172700404372419,0.108639203592714,0.0641091527592058,0.100311775293776,0.0988158418970332,0.0525919523022804,0.116917174085144,0.0995921755523192,0,0.209667538894283,0.977664591319877,1.44185690647112
"828","DSP-1001660020373-D-C11.dcc",0.0151645926780286,0.0521680275765285,0.204384470455972,0.03678060424307,0.0611433350181691,0.214331095508792,0.0922546837404105,0.162452665424532,0.124261532000282,0.0846259147209417,0.0832412662805351,0.0487456956504158,0,0.139861766096382,0.106053762355886,0,0.239845174657264,0.971005310049741,1.42546941174995
"829","DSP-1001660020373-D-C12.dcc",0.060040082900461,0.0865691089513968,0.0472118743762846,0.0462853279347822,0.0740977974472396,0.167443021142682,0.0358584113090761,0.225141719721427,0.0797060174319067,0.12912238993108,0.0800114022595866,0.0741659937572874,0.173038500074558,0.203513181486118,0.0984406217819493,0,0.20790496842487,0.993101142487434,1.58064545050584
"830","DSP-1001660020373-D-D01.dcc",0.0497864216065979,0.0802998058134086,0.0934809418779077,0.0753610372576013,0.081653297946289,0.134425077441119,0.104759185122136,0.173185722900953,0.058865196149968,0.121322531868542,0.0588226508804071,0.138765153261235,0.00648507805126472,0.164556959642795,0.113791963390068,0,0.265976591918519,0.964837543219256,1.45556102321029
"831","DSP-1001660020373-D-D02.dcc",0.0161288336584728,0.0756340882889855,0,0.0815555025572545,0.0604677301421259,0.155754209208315,0.117733910375835,0.13998868747206,0.132814856945122,0.0851750105233445,0.129768802338723,0.0519355932824132,0.544388961116596,0.176044907155431,0.166172887532362,0,0.342519336734391,1.05716211132619,1.93356398059704
"866","DSP-1001660020373-D-G02.dcc",0,0.103831787727571,0.194847545127223,0.0784617773719194,0.0385972726832859,0.123339885717808,0.101755515020783,0.119473062043541,0.0100260205144587,0.120511186016812,0.0555264827327388,0.101750662752309,0.0627411885936999,0.116741852928282,0.023874834190526,0,0.174535548451414,0.986491235158538,1.25147907342096
"867","DSP-1001660020373-D-G03.dcc",0,0.100849625735343,0.183972915615205,0.00919833426051619,0.0600804292887727,0.100245386842821,0.0769983260145539,0.177913297770021,0,0.105804880427321,0.129239813033508,0.0160302362187426,0.108697430678555,0.164887811538319,0.0524615963622046,0,0.199576955545539,0.986592178667992,1.28638008378588
"868","DSP-1001660020373-D-G04.dcc",0,0.118952257695725,0.206134222797626,0.0514334467425979,0.0584787570565172,0.139039556727535,0.0795123216051265,0.130295258888652,0,0.144282339431076,0.0686944335259496,0.0500049354453676,0.0604420859167323,0.0813022119000957,0.0220172057800204,0,0.216547115648875,0.976406626438047,1.21058903351302
"869","DSP-1001660020373-D-G05.dcc",0,0.127035424265981,0.254111503596296,0.0532999694678531,0.030875118504444,0.147988139916885,0.0740363103669856,0.164818334403019,0,0.116501934868103,0.0887955355490487,0,0.0627960715160922,0.0740317400652568,0,0,0.224573514631849,0.974753915174448,1.19429008251996
"870","DSP-1001660020373-D-G06.dcc",0.00506258597211834,0.10019133319538,0.212099983135599,0.0843038841931228,0.0281526561904964,0.139300592005577,0.0826315391237781,0.0453712039760415,0,0.145238201383478,0.0271685530569786,0.109744896689818,0.0711319085037814,0.0924908450983063,0.0661609513029342,0,0.240985960515475,0.970445796992976,1.20904913382741
"871","DSP-1001660020373-D-G07.dcc",0,0.088303280486334,0.184749979894676,0.109727129657047,0.0854672628187001,0.117722461358778,0.0868809365697345,0.0907170331730353,0,0.157106535303371,0.0640456548645937,0.0852354071858019,0.0282666530111435,0.0611632931319069,0.0589216807195014,0,0.246852194080653,0.969843268411471,1.21830730817462
"872","DSP-1001660020373-D-G08.dcc",0.00351128575962701,0.111918268941908,0.186525811326939,0.0443324801868959,0.0412142171936156,0.0713817419354939,0.108312278846849,0.148800169445023,0.0030834299627954,0.126812920293107,0.104476380861839,0.0663685878272415,0.133586135083569,0.0358984553842751,0.0556081881275747,0,0.269276130598353,0.966776282718286,1.24183035117675
"873","DSP-1001660020373-D-G09.dcc",0,0.112947003078253,0.208105971213304,0.0656263074886531,0.0589888588503395,0.0961724089661134,0.141250295706824,0.0996111280330497,0,0.101526824873616,0.0727923227612874,0.0726763867069527,0.106393270604932,0.0707821662216799,0.0272381267499392,0,0.374246287136658,0.929422862290054,1.23411107125494
"874","DSP-1001660020373-D-G10.dcc",0,0.0774577912904341,0.211929221030473,0.0917087700510285,0.0477209440912223,0.126682557117039,0.0667646425497006,0.206548478970695,0,0.0854253908325649,0.0610835210568004,0.0748425060423174,0.0479787240397595,0.036491009569634,0.0795099739415945,0,0.237485608866571,0.971498050827403,1.21414353058326
"875","DSP-1001660020373-D-G11.dcc",0.00281481609097989,0.137154629643575,0.134587102778247,0.0519664299725662,0.0730918097434791,0.0987443271169428,0.0952684591087715,0.143636320774258,0,0.0889995106752637,0.0861654634260535,0.00583386864934501,0.36295427146022,0.0750511256216441,0.0740553451970612,0,0.385913239057702,0.989377918121242,1.43032348025841
"876","DSP-1001660020373-D-G12.dcc",0,0.0669077345446804,0.200116338969794,0.0911520696739686,0.0669207854890762,0.113918288303559,0.0933722226251631,0.145309260052273,0,0.0952465049409993,0.0651768836568218,0.0834864585803582,0.0493717051134891,0.112928925576307,0.0311414642618107,0,0.256769237061794,0.966958144311559,1.2150486417883
"877","DSP-1001660020373-D-H01.dcc",0.00300127124368026,0.127560559091329,0.242696215453944,0.0495075251611134,0.0528919637897477,0.0692495297588422,0.0995514881740991,0.166212610901501,0,0.114182229489752,0.0641838303084849,0.0893663018786981,0.0620939498875458,0.0354388073501314,0.0355874110941376,0,0.227170299377183,0.973853539253945,1.21152369358301
